{
  "1": {
    "id": 1,
    "name": "Городской велосипед PULSE диаметр 27,5”",
    "cost": 100,
    "costLast": 500,
    "description": "Рождественский колокольчик",
    "image": "/assets/img/png/scooter/scooter-06.png"
  },
  "2": {
    "id": 2,
    "name": "Горный велосипед KMS диаметр 26”",
    "cost": 4400,
    "costLast": 500,
    "description": "Шапка Санты Клауса",
    "image": "/assets/img/png/scooter/scooter-02.png"
  },
  "3": {
    "id": 3,
    "name": "Самокат трюковой KMS TRICK, дека 48 см",
    "cost": 5422,
    "costLast": 500,
    "description": "Рождественские подарки",
    "image": "/assets/img/png/scooter/scooter-02.png"
  },
  "4": {
    "id": 4,
    "name": "Городской велосипед PULSE диаметр 27,5”",
    "cost": 4500,
    "costLast": 500,
    "description": "Рождественский колокольчик",
    "image": "/assets/img/png/scooter/scooter-03.png"
  },
  "5": {
    "id": 5,
    "name": "Городской велосипед PULSE диаметр 27,5”",
    "cost": 2000,
    "costLast": 500,
    "description": "Шапка Санты Клауса",
    "image": "/assets/img/png/scooter/scooter-04.png"
  },
  "6": {
    "id": 6,
    "name": "Горный велосипед KMS диаметр 26”",
    "cost": 26000,
    "costLast": 500,
    "description": "Рождественские подарки",
    "image": "/assets/img/png/scooter/scooter-05.png"
  },
  "7": {
    "id": 7,
    "name": "электросамокат xiaomi m365",
    "cost": 21000,
    "costLast": 500,
    "description": "удобная и экологически чистая альтернатива общественному транспорту",
    "image": "/assets/img/png/scooter/scooter-05.png"
  },
  "8": {
    "id": 8,
    "name": "горный велосипед merida диаметр 29”",
    "cost": 15000,
    "costLast": 500,
    "description": "подарок для любителей активного отдыха на природе",
    "image": "/assets/img/png/scooter/scooter-05.png"
  },
  "9": {
    "id": 9,
    "name": "самокат трюковой envy prodigy s6",
    "cost": 7000,
    "costLast": 500,
    "description": "идеальный выбор для любителей трюков и станта",
    "image": "/assets/img/png/scooter/scooter-05.png"
  },
  "10": {
    "id": 10,
    "name": "городской велосипед schwinn диаметр 26”",
    "cost": 3500,
    "costLast": 500,
    "description": "стильный и комфортный велосипед для городской езды",
    "image": "/assets/img/png/scooter/scooter-05.png"
  },
  "11": {
    "id": 11,
    "name": "самокат трюковой envy prodigy s6",
    "cost": 7000,
    "costLast": 500,
    "description": "идеальный выбор для любителей трюков и станта",
    "image": "/assets/img/png/scooter/scooter-05.png"
  },
  "12": {
    "id": 12,
    "name": "городской велосипед schwinn диаметр 26”",
    "cost": 3500,
    "costLast": 500,
    "description": "стильный и комфортный велосипед для городской езды",
    "image": "/assets/img/png/scooter/scooter-05.png"
  }
}
